{"linear1.weight": {"_type": "histogram", "values": [263, 252, 267, 247, 278, 242, 262, 269, 262, 274, 234, 251, 238, 277, 248, 237, 248, 218, 253, 254, 261, 278, 269, 235, 267, 243, 254, 252, 264, 267, 262, 266], "bins": [-0.088360995054245, -0.08283860981464386, -0.07731622457504272, -0.07179383933544159, -0.06627145409584045, -0.06074907258152962, -0.05522668734192848, -0.04970430210232735, -0.04418192058801651, -0.038659535348415375, -0.03313715010881424, -0.027614764869213104, -0.02209237962961197, -0.016569996252655983, -0.011047611013054848, -0.005525226704776287, -2.8423964977264404e-06, 0.005519541911780834, 0.011041926220059395, 0.01656431145966053, 0.022086694836616516, 0.02760908007621765, 0.03313146531581879, 0.03865385055541992, 0.04417623579502106, 0.049698617309331894, 0.05522100254893303, 0.060743387788534164, 0.066265769302845, 0.07178815454244614, 0.07731053978204727, 0.08283292502164841, 0.08835531026124954]}, "_timestamp": 1677593276.6473348, "linear1.bias": {"_type": "histogram", "values": [2, 4, 3, 1, 1, 3, 1, 2, 1, 4, 1, 1, 2, 1, 1, 2, 3, 3, 2, 3, 3, 3, 0, 3, 1, 2, 1, 3, 1, 2, 1, 3], "bins": [-0.088056780397892, -0.08262686431407928, -0.07719695568084717, -0.07176703959703445, -0.06633712351322174, -0.060907211154699326, -0.05547729879617691, -0.0500473827123642, -0.04461747035384178, -0.039187557995319366, -0.03375764191150665, -0.028327729552984238, -0.022897815331816673, -0.01746790111064911, -0.012037987820804119, -0.006608074065297842, -0.001178160309791565, 0.004251753445714712, 0.00968166720122099, 0.015111580491065979, 0.020541494712233543, 0.025971408933401108, 0.03140132129192352, 0.03683123737573624, 0.04226114973425865, 0.04769106209278107, 0.05312097817659378, 0.058550890535116196, 0.06398080289363861, 0.06941071897745132, 0.07484063506126404, 0.08027054369449615, 0.08570045977830887]}, "linear1.output": {"_type": "histogram", "values": [3, 4, 5, 10, 17, 31, 58, 94, 142, 199, 240, 308, 392, 394, 383, 394, 375, 289, 238, 193, 136, 81, 52, 30, 14, 8, 2, 1, 1, 0, 1, 1], "bins": [-2.0854735374450684, -1.9404337406158447, -1.7953938245773315, -1.6503539085388184, -1.5053141117095947, -1.360274314880371, -1.215234398841858, -1.0701944828033447, -0.9251546859741211, -0.7801148295402527, -0.6350749731063843, -0.49003511667251587, -0.34499526023864746, -0.19995540380477905, -0.054915547370910645, 0.09012430906295776, 0.23516416549682617, 0.3802040219306946, 0.525243878364563, 0.6702837347984314, 0.8153235912322998, 0.9603634476661682, 1.1054033041000366, 1.2504432201385498, 1.3954830169677734, 1.540522813796997, 1.6855627298355103, 1.8306026458740234, 1.975642442703247, 2.1206822395324707, 2.2657222747802734, 2.410762071609497, 2.5558018684387207]}, "act1.output": {"_type": "histogram", "values": [2252, 221, 213, 219, 185, 155, 153, 131, 124, 102, 75, 73, 53, 36, 32, 24, 11, 15, 7, 6, 3, 2, 0, 1, 0, 1, 0, 0, 0, 1, 0, 1], "bins": [0.0, 0.07986880838871002, 0.15973761677742004, 0.23960642516613007, 0.3194752335548401, 0.3993440270423889, 0.47921285033226013, 0.5590816736221313, 0.6389504671096802, 0.718819260597229, 0.7986880540847778, 0.8785569071769714, 0.9584257006645203, 1.0382945537567139, 1.1181633472442627, 1.1980321407318115, 1.2779009342193604, 1.3577697277069092, 1.437638521194458, 1.5175073146820068, 1.5973761081695557, 1.677245020866394, 1.7571138143539429, 1.8369826078414917, 1.9168514013290405, 1.9967201948165894, 2.0765891075134277, 2.1564579010009766, 2.2363266944885254, 2.316195487976074, 2.396064281463623, 2.475933074951172, 2.5558018684387207]}, "linear2.weight": {"_type": "histogram", "values": [7, 7, 3, 2, 4, 2, 2, 3, 6, 1, 2, 4, 3, 5, 3, 3, 2, 7, 3, 2, 4, 5, 7, 2, 6, 2, 7, 1, 8, 4, 4, 7], "bins": [-0.12455253303050995, -0.11685869097709656, -0.10916484892368317, -0.10147099941968918, -0.09377715736627579, -0.0860833153128624, -0.078389473259449, -0.07069563120603561, -0.06300178170204163, -0.05530794337391853, -0.047614097595214844, -0.03992025554180145, -0.03222641348838806, -0.024532567709684372, -0.01683872565627098, -0.00914488174021244, -0.0014510378241539001, 0.006242805626243353, 0.013936649076640606, 0.02163049206137657, 0.029324335977435112, 0.03701817989349365, 0.04471202194690704, 0.05240586772561073, 0.060099709779024124, 0.06779355555772781, 0.0754873976111412, 0.0831812396645546, 0.09087508171796799, 0.09856892377138138, 0.10626277327537537, 0.11395661532878876, 0.12165045738220215]}, "linear2.bias": [-0.03283490240573883, 0.008524507284164429], "linear2.output": {"_type": "histogram", "values": [1, 0, 2, 3, 2, 0, 5, 4, 8, 5, 6, 7, 9, 6, 9, 12, 7, 7, 4, 5, 6, 4, 4, 5, 0, 2, 0, 1, 2, 1, 0, 1], "bins": [-0.5231454372406006, -0.4845694601535797, -0.44599345326423645, -0.4074174761772156, -0.3688414692878723, -0.33026549220085144, -0.29168951511383057, -0.2531135082244873, -0.21453753113746643, -0.17596153914928436, -0.1373855471611023, -0.09880957007408142, -0.06023357808589935, -0.021657589823007584, 0.016918398439884186, 0.055494386702775955, 0.09407037496566772, 0.1326463669538498, 0.17122235894203186, 0.20979833602905273, 0.2483743280172348, 0.28695032000541687, 0.32552629709243774, 0.364102303981781, 0.4026782810688019, 0.44125425815582275, 0.479830265045166, 0.5184062719345093, 0.5569822192192078, 0.595558226108551, 0.6341342329978943, 0.6727101802825928, 0.711286187171936]}, "act2.output": {"_type": "histogram", "values": [1, 0, 2, 3, 2, 0, 5, 4, 8, 5, 6, 7, 8, 6, 8, 11, 6, 10, 3, 6, 4, 6, 4, 6, 0, 1, 1, 1, 1, 1, 1, 1], "bins": [0.3721170127391815, 0.38144728541374207, 0.3907775282859802, 0.40010780096054077, 0.40943804383277893, 0.4187683165073395, 0.42809855937957764, 0.4374288320541382, 0.44675907492637634, 0.4560893476009369, 0.46541959047317505, 0.4747498631477356, 0.48408010601997375, 0.4934103786945343, 0.5027406215667725, 0.512070894241333, 0.5214011669158936, 0.5307314395904541, 0.5400616526603699, 0.5493919253349304, 0.558722198009491, 0.5680524706840515, 0.5773826837539673, 0.5867129564285278, 0.5960432291030884, 0.6053735017776489, 0.6147037148475647, 0.6240339875221252, 0.6333642601966858, 0.6426945328712463, 0.6520247459411621, 0.6613550186157227, 0.6706852912902832]}, ".output": {"_type": "histogram", "values": [1, 0, 2, 3, 2, 0, 5, 4, 8, 5, 6, 7, 8, 6, 8, 11, 6, 10, 3, 6, 4, 6, 4, 6, 0, 1, 1, 1, 1, 1, 1, 1], "bins": [0.3721170127391815, 0.38144728541374207, 0.3907775282859802, 0.40010780096054077, 0.40943804383277893, 0.4187683165073395, 0.42809855937957764, 0.4374288320541382, 0.44675907492637634, 0.4560893476009369, 0.46541959047317505, 0.4747498631477356, 0.48408010601997375, 0.4934103786945343, 0.5027406215667725, 0.512070894241333, 0.5214011669158936, 0.5307314395904541, 0.5400616526603699, 0.5493919253349304, 0.558722198009491, 0.5680524706840515, 0.5773826837539673, 0.5867129564285278, 0.5960432291030884, 0.6053735017776489, 0.6147037148475647, 0.6240339875221252, 0.6333642601966858, 0.6426945328712463, 0.6520247459411621, 0.6613550186157227, 0.6706852912902832]}, "_runtime": 1.6022799015045166, "_step": 0, "_wandb": {"runtime": 0}}