{"linear1.weight": {"_type": "histogram", "values": [276, 256, 231, 269, 271, 250, 256, 275, 260, 242, 264, 276, 252, 265, 233, 279, 269, 263, 237, 267, 227, 262, 290, 217, 261, 257, 254, 245, 243, 261, 235, 249], "bins": [-0.08833004534244537, -0.08280817419290543, -0.07728629559278488, -0.07176442444324493, -0.06624255329370499, -0.06072067841887474, -0.055198803544044495, -0.04967692866921425, -0.044155053794384, -0.038633182644844055, -0.03311130777001381, -0.027589434757828712, -0.022067561745643616, -0.01654568687081337, -0.011023813858628273, -0.005501939915120602, 1.9934028387069702e-05, 0.005541807971894741, 0.011063681915402412, 0.01658555492758751, 0.022107429802417755, 0.027629302814602852, 0.03315117582678795, 0.038673050701618195, 0.04419492185115814, 0.04971679672598839, 0.055238671600818634, 0.06076054647564888, 0.06628242135047913, 0.07180429250001907, 0.07732616364955902, 0.08284804224967957, 0.08836991339921951]}, "_timestamp": 1677593086.490008, "linear1.bias": {"_type": "histogram", "values": [1, 2, 0, 4, 1, 3, 2, 4, 4, 1, 1, 2, 4, 0, 4, 2, 3, 0, 1, 1, 1, 2, 0, 1, 1, 2, 3, 3, 3, 3, 2, 3], "bins": [-0.08424820005893707, -0.07899899780750275, -0.07374979555606842, -0.0685005933046341, -0.06325139105319977, -0.05800218507647514, -0.05275298282504082, -0.04750378057360649, -0.042254574596881866, -0.03700537234544754, -0.031756170094013214, -0.026506967842578888, -0.021257765591144562, -0.016008561477065086, -0.01075935922563076, -0.005510156042873859, -0.0002609528601169586, 0.004988250322639942, 0.010237453505396843, 0.015486655756831169, 0.020735859870910645, 0.02598506212234497, 0.031234264373779297, 0.03648346662521362, 0.04173266887664795, 0.046981874853372574, 0.0522310771048069, 0.057480279356241226, 0.06272948533296585, 0.06797868758440018, 0.0732278898358345, 0.07847709208726883, 0.08372629433870316]}, "linear1.output": {"_type": "histogram", "values": [2, 5, 2, 3, 6, 3, 9, 12, 7, 18, 11, 22, 20, 14, 13, 20, 17, 11, 15, 9, 8, 6, 8, 6, 2, 3, 1, 1, 0, 0, 1, 1], "bins": [-1.5717849731445312, -1.4630484580993652, -1.3543119430541992, -1.2455754280090332, -1.1368389129638672, -1.0281023979187012, -0.9193659424781799, -0.8106294274330139, -0.7018929719924927, -0.5931564569473267, -0.48441994190216064, -0.37568342685699463, -0.2669469118118286, -0.15821042656898499, -0.04947391897439957, 0.059262584894895554, 0.16799908876419067, 0.2767356038093567, 0.3854720890522003, 0.49420860409736633, 0.60294508934021, 0.711681604385376, 0.820418119430542, 0.929154634475708, 1.037891149520874, 1.14662766456604, 1.255364179611206, 1.3641005754470825, 1.4728370904922485, 1.5815736055374146, 1.6903101205825806, 1.7990466356277466, 1.9077831506729126]}, "act1.output": {"_type": "histogram", "values": [147, 13, 9, 9, 8, 6, 5, 9, 5, 6, 6, 4, 3, 4, 4, 3, 4, 3, 1, 2, 1, 0, 2, 0, 0, 0, 0, 0, 1, 0, 0, 1], "bins": [0.0, 0.05961822345852852, 0.11923644691705704, 0.17885467410087585, 0.23847289383411407, 0.2980911135673523, 0.3577093482017517, 0.41732755303382874, 0.47694578766822815, 0.5365639925003052, 0.5961822271347046, 0.655800461769104, 0.7154186964035034, 0.7750369310379028, 0.8346551060676575, 0.8942733407020569, 0.9538915753364563, 1.013509750366211, 1.0731279850006104, 1.1327462196350098, 1.1923644542694092, 1.2519826889038086, 1.311600923538208, 1.3712191581726074, 1.4308373928070068, 1.4904556274414062, 1.5500738620758057, 1.6096919775009155, 1.669310212135315, 1.7289284467697144, 1.7885466814041138, 1.8481649160385132, 1.9077831506729126]}, "linear2.weight": {"_type": "histogram", "values": [4, 6, 4, 2, 3, 1, 3, 5, 4, 2, 2, 1, 4, 2, 4, 6, 3, 4, 5, 3, 3, 6, 6, 9, 6, 7, 7, 2, 5, 2, 2, 5], "bins": [-0.12410014867782593, -0.1163487508893013, -0.10859734565019608, -0.10084594786167145, -0.09309454262256622, -0.0853431448340416, -0.07759173959493637, -0.06984034180641174, -0.06208894029259682, -0.05433753877878189, -0.046586137264966965, -0.03883473575115204, -0.03108333609998226, -0.023331934586167336, -0.015580534003674984, -0.007829133421182632, -7.77319073677063e-05, 0.0076736691407859325, 0.015425070188939571, 0.023176470771431923, 0.03092787228524685, 0.038679271936416626, 0.04643067345023155, 0.05418207496404648, 0.061933476477861404, 0.06968487799167633, 0.07743627578020096, 0.08518768101930618, 0.09293907880783081, 0.10069048404693604, 0.10844188183546066, 0.11619328707456589, 0.12394468486309052]}, "linear2.bias": [-0.06957714259624481, 0.11250479519367218], "linear2.output": [-0.04390295594930649, 0.11947384476661682, 0.022264152765274048, 0.34300845861434937, -0.14408305287361145, 0.1718994826078415, 0.39699673652648926, 0.300370454788208], "act2.output": [0.4890260398387909, 0.5298329591751099, 0.5055658221244812, 0.58492112159729, 0.4640413820743561, 0.5428693890571594, 0.5979658961296082, 0.5745330452919006], ".output": [0.4890260398387909, 0.5298329591751099, 0.5055658221244812, 0.58492112159729, 0.4640413820743561, 0.5428693890571594, 0.5979658961296082, 0.5745330452919006], "_runtime": 1.8098092079162598, "_step": 0, "_wandb": {"runtime": 0}}