{"mod1.linear.weight": {"_type": "histogram", "values": [503, 473, 516, 516, 532, 489, 496, 500, 557, 540, 525, 494, 519, 531, 497, 516, 476, 515, 536, 530, 511, 510, 515, 499, 472, 557, 572, 497, 501, 521, 502, 466], "bins": [-0.08838196098804474, -0.08285993337631226, -0.07733790576457977, -0.07181587815284729, -0.06629385054111481, -0.060771819204092026, -0.05524979159235954, -0.04972776398062706, -0.04420573264360428, -0.038683705031871796, -0.03316167742013931, -0.02763964980840683, -0.022117622196674347, -0.016595592722296715, -0.011073565110564232, -0.005551536567509174, -2.950802445411682e-05, 0.005492520518600941, 0.011014549061655998, 0.01653657667338848, 0.022058606147766113, 0.027580633759498596, 0.03310266137123108, 0.03862468898296356, 0.044146716594696045, 0.049668747931718826, 0.05519077554345131, 0.06071280315518379, 0.06623483449220657, 0.07175686210393906, 0.07727888971567154, 0.08280091732740402, 0.0883229449391365]}, "_timestamp": 1677592371.363431, "mod1.linear.bias": {"_type": "histogram", "values": [2, 3, 5, 5, 4, 6, 5, 5, 3, 5, 2, 5, 4, 6, 5, 5, 3, 3, 1, 6, 4, 4, 2, 7, 1, 4, 2, 6, 3, 5, 2, 5], "bins": [-0.08656453341245651, -0.08123819530010223, -0.07591186463832855, -0.07058552652597427, -0.06525918841362, -0.05993285030126572, -0.054606515914201736, -0.049280181527137756, -0.04395384341478348, -0.0386275053024292, -0.03330117091536522, -0.02797483466565609, -0.02264849841594696, -0.01732216216623783, -0.011995825916528702, -0.0066694896668195724, -0.0013431534171104431, 0.003983182832598686, 0.009309519082307816, 0.014635855332016945, 0.019962191581726074, 0.025288527831435204, 0.030614864081144333, 0.03594119846820831, 0.04126753658056259, 0.04659387469291687, 0.05192020907998085, 0.05724654346704483, 0.06257288157939911, 0.06789921969175339, 0.07322555780410767, 0.07855188846588135, 0.08387822657823563]}, "output_mod1.linear": {"_type": "histogram", "values": [1, 0, 4, 2, 4, 2, 1, 10, 4, 10, 15, 8, 11, 11, 18, 19, 18, 14, 8, 16, 12, 17, 8, 10, 9, 7, 5, 4, 2, 0, 2, 4], "bins": [-1.4488139152526855, -1.3584120273590088, -1.268010139465332, -1.1776082515716553, -1.0872063636779785, -0.9968044757843018, -0.906402587890625, -0.8160006999969482, -0.7255988121032715, -0.6351969838142395, -0.5447950959205627, -0.4543931782245636, -0.36399132013320923, -0.27358943223953247, -0.1831875443458557, -0.09278565645217896, -0.0023837685585021973, 0.08801811933517456, 0.17842000722885132, 0.2688218951225281, 0.35922378301620483, 0.4496256411075592, 0.5400275588035583, 0.6304294466972351, 0.7208312749862671, 0.8112331628799438, 0.9016350507736206, 0.9920369386672974, 1.0824388265609741, 1.1728407144546509, 1.2632426023483276, 1.3536444902420044, 1.4440463781356812]}, "output_mod1": {"_type": "histogram", "values": [1, 0, 4, 2, 4, 2, 1, 10, 4, 10, 15, 8, 11, 11, 18, 19, 18, 14, 8, 16, 12, 17, 8, 10, 9, 7, 5, 4, 2, 0, 2, 4], "bins": [-1.4488139152526855, -1.3584120273590088, -1.268010139465332, -1.1776082515716553, -1.0872063636779785, -0.9968044757843018, -0.906402587890625, -0.8160006999969482, -0.7255988121032715, -0.6351969838142395, -0.5447950959205627, -0.4543931782245636, -0.36399132013320923, -0.27358943223953247, -0.1831875443458557, -0.09278565645217896, -0.0023837685585021973, 0.08801811933517456, 0.17842000722885132, 0.2688218951225281, 0.35922378301620483, 0.4496256411075592, 0.5400275588035583, 0.6304294466972351, 0.7208312749862671, 0.8112331628799438, 0.9016350507736206, 0.9920369386672974, 1.0824388265609741, 1.1728407144546509, 1.2632426023483276, 1.3536444902420044, 1.4440463781356812]}, "linear.weight": {"_type": "histogram", "values": [11, 7, 8, 9, 9, 7, 6, 4, 13, 12, 9, 6, 11, 7, 6, 8, 11, 7, 7, 6, 5, 9, 6, 8, 8, 11, 9, 8, 6, 7, 9, 6], "bins": [-0.08696212619543076, -0.08150316774845123, -0.07604421675205231, -0.07058525830507278, -0.06512630730867386, -0.059667348861694336, -0.05420839414000511, -0.04874943941831589, -0.04329048469662666, -0.03783152997493744, -0.032372575253248215, -0.02691361866891384, -0.021454663947224617, -0.015995709225535393, -0.010536753572523594, -0.005077798385173082, 0.0003811568021774292, 0.005840111989527941, 0.011299067176878452, 0.01675802282989025, 0.022216977551579475, 0.0276759322732687, 0.03313488885760307, 0.0385938435792923, 0.04405279830098152, 0.049511753022670746, 0.05497070774435997, 0.060429662466049194, 0.06588862091302872, 0.07134757190942764, 0.07680653035640717, 0.08226548135280609, 0.08772443979978561]}, "linear.bias": [0.07766488939523697, 0.02116570621728897], "output_linear": [0.024304762482643127, -0.11986192315816879, 0.005930058658123016, -0.2836650013923645], "output_": [0.024304762482643127, -0.11986192315816879, 0.005930058658123016, -0.2836650013923645], "_runtime": 1.2335679531097412, "_step": 0, "_wandb": {"runtime": 0}}