{"linear1.weight": {"_type": "histogram", "values": [123, 128, 124, 132, 123, 122, 111, 136, 117, 124, 135, 136, 133, 124, 121, 134, 123, 141, 126, 129, 123, 134, 135, 132, 125, 116, 132, 145, 127, 118, 145, 133, 131, 125, 141, 118, 117, 127, 145, 150, 124, 136, 131, 121, 127, 121, 126, 148, 132, 134, 116, 131, 125, 135, 142, 110, 128, 128, 124, 113, 121, 110, 116, 132], "bins": [-0.08836320787668228, -0.08560160547494888, -0.08283999562263489, -0.08007839322090149, -0.07731679081916809, -0.0745551809668541, -0.0717935785651207, -0.0690319761633873, -0.0662703663110733, -0.0635087639093399, -0.06074715778231621, -0.05798555165529251, -0.05522394925355911, -0.052462343126535416, -0.04970073699951172, -0.04693913459777832, -0.04417752847075462, -0.041415922343730927, -0.03865431994199753, -0.03589271381497383, -0.033131107687950134, -0.030369503423571587, -0.02760789915919304, -0.024846293032169342, -0.022084688767790794, -0.019323084503412247, -0.01656147837638855, -0.013799874112010002, -0.01103826891630888, -0.008276663720607758, -0.005515058990567923, -0.002753454027697444, 8.150935173034668e-06, 0.0027697558980435133, 0.005531360860913992, 0.008292965590953827, 0.01105457078665495, 0.013816175982356071, 0.01657778024673462, 0.019339386373758316, 0.022100990638136864, 0.02486259490251541, 0.02762420102953911, 0.030385805293917656, 0.033147409558296204, 0.0359090156853199, 0.0386706218123436, 0.041432224214076996, 0.04419383034110069, 0.04695543646812439, 0.04971703886985779, 0.052478644996881485, 0.05524025112390518, 0.05800185352563858, 0.06076345965266228, 0.06352506577968597, 0.06628666818141937, 0.06904827803373337, 0.07180988043546677, 0.07457148283720016, 0.07733309268951416, 0.08009469509124756, 0.08285629749298096, 0.08561790734529495, 0.08837950974702835]}, "_timestamp": 1677593817.368285, "linear1.bias": {"_type": "histogram", "values": [4, 1, 2, 1, 0, 1, 1, 2, 1, 2, 0, 1, 0, 0, 2, 0, 1, 3, 1, 1, 1, 1, 1, 1, 1, 2, 2, 1, 1, 0, 2, 1, 1, 3, 2, 2, 1, 3, 0, 0, 0, 0, 1, 0, 0, 0, 0, 0, 0, 2, 3, 1, 2, 0, 0, 0, 0, 0, 0, 2, 0, 1, 0, 2], "bins": [-0.08500251919031143, -0.082359179854393, -0.07971583306789398, -0.07707249373197556, -0.07442914694547653, -0.0717858076095581, -0.06914246082305908, -0.06649912148714066, -0.06385578215122223, -0.061212435364723206, -0.05856909230351448, -0.055925749242305756, -0.05328240990638733, -0.050639066845178604, -0.04799572378396988, -0.045352380722761154, -0.04270903766155243, -0.040065694600343704, -0.03742235153913498, -0.034779008477926254, -0.03213566541671753, -0.029492324218153954, -0.026848983019590378, -0.024205639958381653, -0.021562296897172928, -0.018918953835964203, -0.016275610774755478, -0.013632269576191902, -0.010988926514983177, -0.008345583453774452, -0.005702241323888302, -0.003058898728340864, -0.0004155561327934265, 0.002227786462754011, 0.004871129058301449, 0.0075144716538488865, 0.010157814249396324, 0.01280115731060505, 0.0154444994404912, 0.01808784157037735, 0.020731184631586075, 0.0233745276927948, 0.026017870754003525, 0.0286612119525671, 0.031304553151130676, 0.0339478962123394, 0.036591239273548126, 0.03923458233475685, 0.041877925395965576, 0.0445212684571743, 0.047164611518383026, 0.04980795457959175, 0.052451297640800476, 0.0550946369767189, 0.05773798003792763, 0.06038132309913635, 0.06302466988563538, 0.0656680092215538, 0.06831134855747223, 0.07095469534397125, 0.07359803467988968, 0.0762413814663887, 0.07888472080230713, 0.08152806758880615, 0.08417140692472458]}, "linear1.output": {"_type": "histogram", "values": [1, 0, 0, 1, 6, 3, 5, 2, 2, 12, 8, 22, 20, 24, 31, 34, 55, 52, 59, 76, 72, 106, 108, 132, 123, 139, 141, 155, 150, 180, 190, 199, 151, 159, 153, 166, 152, 131, 138, 115, 110, 113, 94, 84, 66, 53, 48, 58, 35, 28, 35, 25, 16, 14, 4, 8, 7, 15, 6, 2, 0, 0, 0, 2], "bins": [-1.9910670518875122, -1.9295207262039185, -1.8679742813110352, -1.8064279556274414, -1.7448816299438477, -1.6833351850509644, -1.6217888593673706, -1.5602425336837769, -1.4986960887908936, -1.4371497631072998, -1.375603437423706, -1.3140571117401123, -1.252510666847229, -1.1909643411636353, -1.1294180154800415, -1.0678715705871582, -1.0063252449035645, -0.9447788596153259, -0.8832325339317322, -0.8216861486434937, -0.7601398229598999, -0.6985934376716614, -0.6370470523834229, -0.5755007266998291, -0.5139543414115906, -0.45240798592567444, -0.3908616304397583, -0.3293152451515198, -0.26776888966560364, -0.2062225341796875, -0.14467616379261017, -0.08312980085611343, -0.0215834379196167, 0.039962925016880035, 0.10150928795337677, 0.1630556583404541, 0.22460201382637024, 0.2861483693122864, 0.3476947546005249, 0.40924111008644104, 0.4707874655723572, 0.5323338508605957, 0.5938801765441895, 0.655426561832428, 0.7169729471206665, 0.7785192728042603, 0.8400656580924988, 0.9016119837760925, 0.963158369064331, 1.0247046947479248, 1.086251139640808, 1.1477974653244019, 1.2093437910079956, 1.270890235900879, 1.3324365615844727, 1.3939828872680664, 1.4555292129516602, 1.5170756578445435, 1.5786219835281372, 1.640168309211731, 1.7017147541046143, 1.763261079788208, 1.8248074054718018, 1.886353850364685, 1.9479001760482788]}, "act1.output": {"_type": "histogram", "values": [2232, 76, 78, 78, 87, 71, 83, 85, 66, 74, 58, 82, 57, 69, 49, 56, 56, 58, 49, 68, 45, 31, 43, 37, 38, 23, 28, 26, 27, 23, 31, 22, 14, 16, 18, 15, 16, 16, 14, 9, 10, 6, 6, 6, 0, 6, 3, 3, 3, 5, 8, 6, 4, 2, 1, 1, 0, 0, 0, 0, 0, 0, 1, 1], "bins": [0.0, 0.030435940250754356, 0.06087188050150871, 0.09130781888961792, 0.12174376100301743, 0.15217970311641693, 0.18261563777923584, 0.21305158734321594, 0.24348752200603485, 0.27392345666885376, 0.30435940623283386, 0.33479535579681396, 0.3652312755584717, 0.3956672251224518, 0.4261031746864319, 0.4565390944480896, 0.4869750440120697, 0.5174109935760498, 0.5478469133377075, 0.57828289270401, 0.6087188124656677, 0.6391547322273254, 0.6695907115936279, 0.7000266313552856, 0.7304625511169434, 0.7608985304832458, 0.7913344502449036, 0.8217703700065613, 0.8522063493728638, 0.8826422691345215, 0.9130781888961792, 0.9435141682624817, 0.9739500880241394, 1.004386067390442, 1.0348219871520996, 1.0652579069137573, 1.095693826675415, 1.1261297464370728, 1.15656578540802, 1.1870017051696777, 1.2174376249313354, 1.2478735446929932, 1.2783094644546509, 1.3087453842163086, 1.3391814231872559, 1.3696173429489136, 1.4000532627105713, 1.430489182472229, 1.4609251022338867, 1.4913610219955444, 1.5217970609664917, 1.5522329807281494, 1.5826689004898071, 1.6131048202514648, 1.6435407400131226, 1.6739766597747803, 1.7044126987457275, 1.7348486185073853, 1.765284538269043, 1.7957204580307007, 1.8261563777923584, 1.8565922975540161, 1.8870283365249634, 1.917464256286621, 1.9479001760482788]}, "linear2.weight": {"_type": "histogram", "values": [2, 2, 1, 2, 1, 2, 2, 4, 2, 3, 0, 1, 1, 4, 3, 3, 3, 0, 2, 0, 1, 1, 3, 5, 1, 1, 1, 0, 2, 6, 2, 2, 2, 3, 0, 2, 0, 4, 1, 3, 2, 1, 1, 3, 1, 1, 2, 3, 2, 5, 1, 2, 3, 4, 1, 3, 1, 0, 2, 2, 3, 1, 3, 3],