{"linear1.weight": {"_type": "histogram", "values": [124, 138, 123, 114, 122, 118, 131, 130, 116, 123, 142, 140, 103, 134, 119, 130, 124, 143, 124, 113, 124, 102, 134, 124, 136, 125, 136, 140, 113, 120, 122, 132, 122, 142, 119, 124, 118, 137, 125, 142, 135, 133, 125, 137, 118, 123, 134, 108, 149, 131, 129, 139, 141, 126, 135, 140, 139, 144, 143, 120, 110, 133, 125, 127], "bins": [-0.08836443722248077, -0.08560296893119812, -0.08284149318933487, -0.08008002489805222, -0.07731854915618896, -0.07455708086490631, -0.07179560512304306, -0.0690341368317604, -0.06627266854047775, -0.0635111927986145, -0.06074972450733185, -0.057988252490758896, -0.055226780474185944, -0.05246530845761299, -0.04970383644104004, -0.04694236442446709, -0.044180892407894135, -0.04141942411661148, -0.03865795210003853, -0.035896480083465576, -0.033135008066892624, -0.03037353791296482, -0.02761206589639187, -0.024850593879818916, -0.022089123725891113, -0.01932765170931816, -0.01656617969274521, -0.013804708607494831, -0.011043237522244453, -0.008281765505671501, -0.0055202944204211235, -0.0027588228695094585, 2.648681402206421e-06, 0.0027641202323138714, 0.005525591783225536, 0.008287062868475914, 0.011048534885048866, 0.013810005970299244, 0.01657147705554962, 0.019332949072122574, 0.022094421088695526, 0.02485589124262333, 0.02761736325919628, 0.030378835275769234, 0.03314030542969704, 0.03590177744626999, 0.03866324946284294, 0.041424721479415894, 0.04418618977069855, 0.0469476617872715, 0.04970913380384445, 0.052470605820417404, 0.055232077836990356, 0.05799354985356331, 0.06075502187013626, 0.06351649016141891, 0.06627796590328217, 0.06903943419456482, 0.07180090248584747, 0.07456237822771072, 0.07732384651899338, 0.08008532226085663, 0.08284679055213928, 0.08560826629400253, 0.08836973458528519]}, "_timestamp": 1677593386.976075, "linear1.bias": {"_type": "histogram", "values": [1, 1, 0, 0, 0, 3, 0, 1, 1, 0, 2, 3, 1, 0, 0, 1, 2, 0, 1, 1, 1, 3, 3, 0, 2, 0, 3, 0, 0, 2, 1, 0, 0, 2, 1, 1, 1, 2, 1, 0, 1, 0, 0, 1, 0, 1, 2, 0, 1, 1, 0, 0, 2, 0, 1, 1, 1, 1, 1, 0, 3, 1, 3, 2], "bins": [-0.08784715086221695, -0.0852925032377243, -0.08273784816265106, -0.08018320053815842, -0.07762855291366577, -0.07507390528917313, -0.07251925766468048, -0.06996460258960724, -0.0674099549651146, -0.06485530734062195, -0.062300655990839005, -0.05974600464105606, -0.057191357016563416, -0.05463670939207077, -0.05208205804228783, -0.04952740669250488, -0.04697275906801224, -0.04441811144351959, -0.04186346009373665, -0.039308808743953705, -0.03675416111946106, -0.034199513494968414, -0.03164486214518547, -0.029090212658047676, -0.02653556317090988, -0.023980913683772087, -0.021426264196634293, -0.018871614709496498, -0.016316965222358704, -0.013762315735220909, -0.011207666248083115, -0.00865301676094532, -0.006098367273807526, -0.003543717786669731, -0.0009890682995319366, 0.0015655811876058578, 0.004120230674743652, 0.006674880161881447, 0.009229529649019241, 0.011784179136157036, 0.01433882862329483, 0.016893478110432625, 0.01944812759757042, 0.022002777084708214, 0.02455742657184601, 0.027112076058983803, 0.029666725546121597, 0.03222137689590454, 0.034776024520397186, 0.03733067214488983, 0.039885323494672775, 0.04243997484445572, 0.044994622468948364, 0.04754927009344101, 0.05010392144322395, 0.0526585727930069, 0.05521322041749954, 0.05776786804199219, 0.06032251939177513, 0.06287717074155807, 0.06543181836605072, 0.06798646599054337, 0.07054111361503601, 0.07309576869010925, 0.0756504163146019]}, "linear1.output": {"_type": "histogram", "values": [1, 0, 0, 0, 0, 1, 1, 1, 0, 2, 4, 4, 6, 5, 13, 15, 21, 23, 27, 46, 57, 63, 72, 78, 108, 131, 128, 130, 167, 196, 158, 218, 232, 206, 188, 196, 175, 173, 163, 198, 144, 139, 115, 81, 72, 85, 50, 46, 25, 30, 27, 20, 16, 11, 12, 3, 2, 3, 2, 3, 2, 0, 0, 1], "bins": [-2.4671292304992676, -2.3945047855377197, -2.3218801021575928, -2.249255657196045, -2.176631212234497, -2.104006767272949, -2.0313820838928223, -1.9587576389312744, -1.8861331939697266, -1.8135086297988892, -1.7408840656280518, -1.668259620666504, -1.5956350564956665, -1.5230106115341187, -1.4503860473632812, -1.3777616024017334, -1.305137038230896, -1.2325124740600586, -1.1598880290985107, -1.0872634649276733, -1.0146390199661255, -0.9420144557952881, -0.8693899512290955, -0.7967654466629028, -0.7241409420967102, -0.6515164375305176, -0.578891932964325, -0.5062674283981323, -0.4336428940296173, -0.3610183894634247, -0.28839385509490967, -0.21576935052871704, -0.14314484596252441, -0.07052033394575119, 0.0021041780710220337, 0.07472869008779526, 0.14735320210456848, 0.2199777066707611, 0.2926022410392761, 0.36522674560546875, 0.4378512501716614, 0.510475754737854, 0.5831002593040466, 0.6557247638702393, 0.7283493280410767, 0.8009738326072693, 0.8735983371734619, 0.9462228417396545, 1.0188473463058472, 1.0914719104766846, 1.1640963554382324, 1.2367209196090698, 1.3093453645706177, 1.381969928741455, 1.454594373703003, 1.5272189378738403, 1.5998435020446777, 1.6724679470062256, 1.745092511177063, 1.8177169561386108, 1.8903415203094482, 1.962965965270996, 2.035590410232544, 2.108215093612671, 2.1808395385742188]}, "act1.output": {"_type": "histogram", "values": [2190, 93, 95, 93, 83, 87, 79, 73, 72, 83, 82, 97, 88, 75, 61, 66, 65, 65, 49, 34, 43, 34, 38, 34, 38, 34, 21, 28, 23, 17, 14, 10, 14, 13, 14, 14, 13, 7, 5, 11, 3, 7, 6, 4, 7, 0, 1, 2, 0, 1, 2, 1, 1, 2, 1, 1, 1, 0, 0, 0, 0, 0, 0, 1], "bins": [0.0, 0.03407561779022217, 0.06815123558044434, 0.1022268533706665, 0.13630247116088867, 0.17037808895111084, 0.204453706741333, 0.23852932453155518, 0.27260494232177734, 0.3066805601119995, 0.3407561779022217, 0.37483179569244385, 0.408907413482666, 0.4429830312728882, 0.47705864906311035, 0.5111342668533325, 0.5452098846435547, 0.5792855024337769, 0.613361120223999, 0.6474367380142212, 0.6815123558044434, 0.7155879735946655, 0.7496635913848877, 0.7837392091751099, 0.817814826965332, 0.8518904447555542, 0.8859660625457764, 0.9200416803359985, 0.9541172981262207, 0.9881929159164429, 1.022268533706665, 1.0563441514968872, 1.0904197692871094, 1.1244953870773315, 1.1585710048675537, 1.1926466226577759, 1.226722240447998, 1.2607978582382202, 1.2948734760284424, 1.3289490938186646, 1.3630247116088867, 1.3971003293991089, 1.431175947189331, 1.4652515649795532, 1.4993271827697754, 1.5334028005599976, 1.5674784183502197, 1.601554036140442, 1.635629653930664, 1.6697052717208862, 1.7037808895111084, 1.7378565073013306, 1.7719321250915527, 1.806007742881775, 1.840083360671997, 1.8741589784622192, 1.9082345962524414, 1.9423102140426636, 1.9763858318328857, 2.0104613304138184, 2.04453706741333, 2.078612804412842, 2.1126883029937744, 2.146763801574707, 2.1808395385742188]}, "linear2.weight": {"_type": "histogram", "values": [4, 4, 2, 1, 3, 1, 1, 1, 3, 3, 3, 4, 1, 1, 3, 1, 1, 2, 2, 0, 4, 3, 2, 2, 2, 0, 2, 2, 1, 1, 3, 0, 0, 1, 2, 2, 0, 4, 1, 4, 0, 1, 2, 1, 0, 2, 4, 4, 0, 6, 1, 1, 2, 1, 2, 2, 2, 3, 1, 2, 5, 3, 5, 1],