{"linear1.weight": {"_type": "histogram", "values": [259, 259, 265, 253, 265, 256, 276, 247, 256, 265, 286, 244, 276, 290, 242, 266, 222, 250, 265, 233, 249, 267, 275, 244, 249, 202, 265, 243, 265, 265, 249, 244], "bins": [-0.08838099241256714, -0.08285754919052124, -0.07733410596847534, -0.07181066274642944, -0.06628721207380295, -0.06076376885175705, -0.05524032562971115, -0.04971688240766525, -0.044193439185619354, -0.03866999223828316, -0.03314654901623726, -0.02762310393154621, -0.022099658846855164, -0.016576215624809265, -0.011052770540118217, -0.005529326386749744, -5.882233381271362e-06, 0.005517561919987202, 0.011041006073355675, 0.016564451158046722, 0.02208789438009262, 0.02761133946478367, 0.033134784549474716, 0.038658227771520615, 0.04418167471885681, 0.04970511794090271, 0.05522856116294861, 0.06075200438499451, 0.0662754476070404, 0.0717988982796669, 0.0773223415017128, 0.0828457847237587, 0.0883692279458046]}, "_timestamp": 1677592994.323926, "linear1.bias": {"_type": "histogram", "values": [3, 3, 2, 1, 2, 0, 2, 0, 4, 2, 4, 3, 3, 3, 3, 4, 3, 0, 1, 1, 1, 1, 5, 1, 1, 2, 0, 2, 3, 1, 1, 2], "bins": [-0.08675264567136765, -0.08139990270137787, -0.07604715973138809, -0.07069440931081772, -0.06534166634082794, -0.059988923370838165, -0.05463618040084839, -0.049283433705568314, -0.04393069073557854, -0.03857794776558876, -0.033225201070308685, -0.02787245810031891, -0.022519713267683983, -0.017166968435049057, -0.011814224533736706, -0.006461480166763067, -0.0011087357997894287, 0.00424400856718421, 0.009596752934157848, 0.0149494968354702, 0.020302241668105125, 0.02565498650074005, 0.031007729470729828, 0.0363604761660099, 0.04171321913599968, 0.047065962105989456, 0.05241870880126953, 0.05777145177125931, 0.06312419474124908, 0.06847693771123886, 0.07382968813180923, 0.07918243110179901, 0.08453517407178879]}, "linear1.output": {"_type": "histogram", "values": [1, 0, 2, 2, 4, 2, 5, 6, 7, 13, 9, 15, 14, 15, 14, 10, 22, 24, 20, 8, 13, 14, 2, 7, 6, 3, 4, 7, 4, 1, 0, 2], "bins": [-1.6472992897033691, -1.5497921705245972, -1.4522849321365356, -1.3547778129577637, -1.2572705745697021, -1.1597634553909302, -1.0622563362121582, -0.9647490978240967, -0.8672419786453247, -0.769734799861908, -0.6722276210784912, -0.5747204422950745, -0.4772132635116577, -0.37970611453056335, -0.2821989357471466, -0.18469177186489105, -0.0871846079826355, 0.010322559624910355, 0.10782972723245621, 0.20533689856529236, 0.3028440475463867, 0.40035122632980347, 0.4978584051132202, 0.595365583896637, 0.6928727626800537, 0.7903798818588257, 0.8878870606422424, 0.9853942394256592, 1.0829013586044312, 1.1804085969924927, 1.2779157161712646, 1.3754229545593262, 1.4729300737380981]}, "act1.output": {"_type": "histogram", "values": [151, 9, 9, 14, 5, 3, 5, 7, 4, 7, 6, 2, 3, 2, 1, 6, 1, 0, 3, 1, 2, 4, 1, 5, 2, 0, 0, 1, 0, 0, 1, 1], "bins": [0.0, 0.04602906480431557, 0.09205812960863113, 0.138087198138237, 0.18411625921726227, 0.23014532029628754, 0.276174396276474, 0.32220345735549927, 0.36823251843452454, 0.4142615795135498, 0.4602906405925751, 0.5063197016716003, 0.552348792552948, 0.5983778238296509, 0.6444069147109985, 0.6904359459877014, 0.7364650368690491, 0.7824941277503967, 0.8285231590270996, 0.8745522499084473, 0.9205812811851501, 0.9666103720664978, 1.0126394033432007, 1.0586684942245483, 1.104697585105896, 1.1507266759872437, 1.1967556476593018, 1.2427847385406494, 1.288813829421997, 1.3348429203033447, 1.3808718919754028, 1.4269009828567505, 1.4729300737380981]}, "linear2.weight": {"_type": "histogram", "values": [5, 5, 3, 2, 5, 5, 4, 6, 4, 4, 3, 5, 3, 4, 5, 3, 6, 5, 4, 1, 2, 2, 5, 2, 4, 5, 2, 2, 7, 4, 6, 5], "bins": [-0.11984293162822723, -0.1122286319732666, -0.10461433231830597, -0.09700003266334534, -0.0893857330083847, -0.08177143335342407, -0.07415713369846344, -0.06654283404350281, -0.05892853066325188, -0.051314231008291245, -0.04369993135333061, -0.03608563169836998, -0.0284713301807642, -0.020857030525803566, -0.013242729939520359, -0.005628429818898439, 0.0019858703017234802, 0.009600169956684113, 0.017214469611644745, 0.024828771129250526, 0.03244306892156601, 0.04005737230181694, 0.04767167195677757, 0.055285971611738205, 0.06290027499198914, 0.07051457464694977, 0.0781288743019104, 0.08574317395687103, 0.09335747361183167, 0.1009717732667923, 0.10858607292175293, 0.11620037257671356, 0.1238146722316742]}, "linear2.bias": [-0.05748856067657471, -0.02711571753025055], "linear2.output": [0.045617759227752686, -0.1452745646238327, -0.2107257843017578, -0.3420969843864441, 0.060834646224975586, -0.1304566115140915, -0.14793649315834045, -0.0772118866443634], "act2.output": [0.511402428150177, 0.4637450873851776, 0.4475126266479492, 0.4153001606464386, 0.5152040123939514, 0.46743202209472656, 0.4630832076072693, 0.4807066023349762], ".output": [0.511402428150177, 0.4637450873851776, 0.4475126266479492, 0.4153001606464386, 0.5152040123939514, 0.46743202209472656, 0.4630832076072693, 0.4807066023349762], "_runtime": 1.1179230213165283, "_step": 0, "_wandb": {"runtime": 0}}