{"linear1.weight": {"_type": "histogram", "values": [246, 254, 239, 249, 279, 272, 267, 258, 247, 259, 230, 250, 260, 251, 264, 266, 238, 267, 252, 286, 248, 260, 244, 268, 245, 269, 247, 245, 270, 250, 267, 245], "bins": [-0.08835622668266296, -0.08283454924821854, -0.07731287181377411, -0.07179119437932968, -0.06626951694488525, -0.060747843235731125, -0.0552261658012867, -0.04970448836684227, -0.04418281465768814, -0.03866113722324371, -0.033139459788799286, -0.02761778235435486, -0.02209610491991043, -0.016574429348111153, -0.011052751913666725, -0.005531075410544872, -9.39890742301941e-06, 0.0055122775956988335, 0.011033954098820686, 0.016555631533265114, 0.022077307105064392, 0.02759898453950882, 0.03312066197395325, 0.038642339408397675, 0.0441640168428421, 0.04968569055199623, 0.05520736798644066, 0.060729045420885086, 0.06625071913003922, 0.07177239656448364, 0.07729407399892807, 0.0828157514333725, 0.08833742886781693]}, "_timestamp": 1677592801.6812868, "linear1.bias": {"_type": "histogram", "values": [5, 0, 2, 6, 0, 1, 3, 1, 2, 1, 4, 1, 0, 1, 2, 1, 1, 1, 2, 1, 1, 2, 0, 1, 0, 2, 5, 1, 2, 7, 2, 6], "bins": [-0.08712006360292435, -0.08164989203214645, -0.07617971301078796, -0.07070954144001007, -0.06523936986923218, -0.05976919084787369, -0.054299019277095795, -0.0488288439810276, -0.04335866868495941, -0.03788849338889122, -0.03241831809282303, -0.026948146522045135, -0.021477971225976944, -0.016007795929908752, -0.01053762249648571, -0.005067448131740093, 0.0004027262330055237, 0.005872900597751141, 0.011343074962496758, 0.0168132483959198, 0.02228342369198799, 0.027753598988056183, 0.033223770558834076, 0.03869394585490227, 0.04416412115097046, 0.04963429644703865, 0.05510447174310684, 0.060574643313884735, 0.06604482233524323, 0.07151499390602112, 0.07698516547679901, 0.0824553444981575, 0.0879255160689354]}, "output_linear1": {"_type": "histogram", "values": [1, 0, 0, 0, 6, 3, 3, 1, 8, 9, 8, 6, 16, 12, 13, 19, 14, 17, 15, 22, 10, 15, 13, 13, 9, 5, 7, 5, 1, 0, 4, 1], "bins": [-1.720705270767212, -1.6234259605407715, -1.5261467695236206, -1.4288674592971802, -1.3315882682800293, -1.2343089580535889, -1.137029767036438, -1.0397504568099976, -0.9424712657928467, -0.8451919555664062, -0.7479127049446106, -0.6506334543228149, -0.5533542037010193, -0.45607495307922363, -0.358795702457428, -0.2615164518356323, -0.16423720121383667, -0.06695795059204102, 0.030321307480335236, 0.1276005655527115, 0.22487981617450714, 0.322159081697464, 0.41943833231925964, 0.5167175531387329, 0.6139968633651733, 0.711276113986969, 0.8085553646087646, 0.9058346152305603, 1.003113865852356, 1.1003930568695068, 1.1976723670959473, 1.2949515581130981, 1.3922308683395386]}, "output_act1": {"_type": "histogram", "values": [138, 6, 7, 10, 11, 4, 4, 3, 8, 8, 5, 7, 7, 6, 4, 4, 3, 2, 3, 2, 4, 2, 2, 0, 1, 0, 0, 1, 3, 0, 0, 1], "bins": [0.0, 0.04350721463561058, 0.08701442927122116, 0.13052164018154144, 0.17402885854244232, 0.2175360769033432, 0.2610432803630829, 0.30455049872398376, 0.34805771708488464, 0.3915649354457855, 0.4350721538066864, 0.4785793721675873, 0.5220865607261658, 0.5655937790870667, 0.6091009974479675, 0.6526082158088684, 0.6961154341697693, 0.7396226525306702, 0.783129870891571, 0.8266370892524719, 0.8701443076133728, 0.9136515259742737, 0.9571587443351746, 1.0006659030914307, 1.0441731214523315, 1.0876803398132324, 1.1311875581741333, 1.1746947765350342, 1.218201994895935, 1.261709213256836, 1.3052164316177368, 1.3487236499786377, 1.3922308683395386]}, "_runtime": 1.09543776512146, "_step": 0, "_wandb": {"runtime": 0}}