{"linear1.weight": {"_type": "histogram", "values": [134, 126, 112, 137, 128, 119, 127, 129, 137, 126, 122, 156, 126, 111, 141, 118, 122, 111, 121, 120, 147, 133, 136, 117, 119, 129, 148, 139, 122, 117, 119, 133, 133, 129, 121, 114, 119, 106, 119, 125, 121, 128, 142, 132, 125, 129, 148, 145, 125, 124, 136, 143, 104, 147, 130, 134, 133, 132, 131, 122, 125, 145, 135, 108], "bins": [-0.08837471157312393, -0.08561290800571442, -0.0828511118888855, -0.08008930832147598, -0.07732750475406647, -0.07456570863723755, -0.07180390506982803, -0.06904210150241852, -0.0662803053855896, -0.06351850181818008, -0.06075669825077057, -0.05799489840865135, -0.055233098566532135, -0.05247129499912262, -0.0497094951570034, -0.04694769158959389, -0.04418589174747467, -0.041424091905355453, -0.03866228833794594, -0.03590048849582672, -0.033138684928417206, -0.03037688508629799, -0.027615085244178772, -0.024853283539414406, -0.02209148183465004, -0.019329680129885674, -0.016567878425121307, -0.01380607858300209, -0.011044276878237724, -0.008282475173473358, -0.005520674400031567, -0.0027588731609284878, 2.9280781745910645e-06, 0.00276472931727767, 0.005526530556380749, 0.00828833132982254, 0.011050133034586906, 0.013811934739351273, 0.01657373458147049, 0.019335536286234856, 0.022097337990999222, 0.024859139695763588, 0.027620941400527954, 0.03038274124264717, 0.03314454108476639, 0.0359063446521759, 0.03866814449429512, 0.041429948061704636, 0.04419174790382385, 0.04695354774594307, 0.049715351313352585, 0.0524771511554718, 0.05523895472288132, 0.058000754565000534, 0.06076255440711975, 0.06352435797452927, 0.06628616154193878, 0.0690479576587677, 0.07180976122617722, 0.07457156479358673, 0.07733336091041565, 0.08009516447782516, 0.08285696804523468, 0.0856187641620636, 0.08838056772947311]}, "_timestamp": 1677594064.737371, "linear1.bias": {"_type": "histogram", "values": [2, 0, 2, 0, 1, 0, 1, 0, 1, 0, 1, 2, 1, 0, 1, 3, 3, 0, 0, 1, 0, 0, 0, 0, 1, 0, 0, 0, 0, 1, 1, 1, 1, 1, 0, 1, 2, 4, 1, 4, 2, 0, 1, 1, 0, 1, 0, 1, 1, 1, 0, 2, 0, 1, 2, 1, 3, 1, 3, 0, 1, 2, 1, 2], "bins": [-0.0829099491238594, -0.08033542335033417, -0.07776089757680893, -0.07518637180328369, -0.07261184602975845, -0.07003732025623322, -0.06746280193328857, -0.06488827615976334, -0.0623137503862381, -0.05973922461271286, -0.05716469883918762, -0.054590173065662384, -0.052015647292137146, -0.04944112151861191, -0.04686659947037697, -0.04429207369685173, -0.04171754792332649, -0.039143022149801254, -0.036568496376276016, -0.03399397432804108, -0.03141944855451584, -0.0288449227809906, -0.026270397007465363, -0.023695873096585274, -0.021121347323060036, -0.018546821549534798, -0.01597229763865471, -0.01339777186512947, -0.010823247022926807, -0.008248722180724144, -0.005674196872860193, -0.003099671797826886, -0.0005251467227935791, 0.002049378352239728, 0.004623903427273035, 0.007198428735136986, 0.00977295357733965, 0.012347478419542313, 0.01492200419306755, 0.01749652810394764, 0.020071053877472878, 0.022645579650998116, 0.025220103561878204, 0.027794629335403442, 0.03036915510892868, 0.03294368088245392, 0.03551820293068886, 0.038092728704214096, 0.040667254477739334, 0.04324178025126457, 0.04581630602478981, 0.04839082807302475, 0.05096535384654999, 0.053539879620075226, 0.056114405393600464, 0.0586889311671257, 0.06126345694065094, 0.06383798271417618, 0.06641250848770142, 0.06898702681064606, 0.0715615525841713, 0.07413607835769653, 0.07671060413122177, 0.07928512990474701, 0.08185965567827225]}, "linear1.output": {"_type": "histogram", "values": [1, 2, 1, 2, 3, 3, 4, 5, 6, 9, 9, 14, 15, 16, 17, 31, 42, 43, 54, 65, 72, 75, 103, 97, 111, 125, 128, 147, 175, 166, 168, 195, 186, 158, 162, 167, 151, 159, 135, 133, 128, 108, 102, 99, 90, 62, 58, 69, 37, 46, 33, 31, 15, 17, 13, 6, 4, 5, 7, 4, 3, 2, 0, 2], "bins": [-2.019742012023926, -1.9582890272140503, -1.8968361616134644, -1.8353831768035889, -1.7739301919937134, -1.7124773263931274, -1.651024341583252, -1.5895713567733765, -1.528118371963501, -1.466665506362915, -1.4052125215530396, -1.343759536743164, -1.2823066711425781, -1.2208536863327026, -1.1594007015228271, -1.0979478359222412, -1.0364948511123657, -0.975041925907135, -0.9135889410972595, -0.8521360158920288, -0.7906830310821533, -0.7292301058769226, -0.6677771806716919, -0.6063241958618164, -0.5448712706565857, -0.4834183156490326, -0.4219653606414795, -0.3605124354362488, -0.2990594804286957, -0.23760652542114258, -0.17615358531475067, -0.11470063775777817, -0.053247690200805664, 0.00820525735616684, 0.06965820491313934, 0.13111114501953125, 0.19256410002708435, 0.25401705503463745, 0.31546998023986816, 0.37692293524742126, 0.43837589025497437, 0.49982884526252747, 0.5612818002700806, 0.6227347254753113, 0.684187650680542, 0.7456406354904175, 0.8070935606956482, 0.8685465455055237, 0.9299994707107544, 0.9914523959159851, 1.0529053211212158, 1.1143583059310913, 1.1758112907409668, 1.2372641563415527, 1.2987171411514282, 1.3601701259613037, 1.4216229915618896, 1.4830759763717651, 1.5445289611816406, 1.6059819459915161, 1.667434811592102, 1.7288877964019775, 1.790340781211853, 1.851793646812439, 1.9132466316223145]}, "act1.output": {"_type": "histogram", "values": [2150, 76, 80, 79, 73, 77, 86, 74, 72, 79, 80, 55, 65, 68, 63, 53, 73, 47, 54, 51, 47, 51, 42, 51, 40, 33, 25, 30, 26, 28, 40, 23, 17, 15, 25, 20, 14, 16, 16, 10, 7, 6, 8, 9, 5, 5, 3, 2, 3, 2, 2, 7, 2, 0, 3, 2, 2, 0, 1, 1, 0, 0, 1, 1], "bins": [0.0, 0.029894478619098663, 0.05978895723819733, 0.08968343585729599, 0.11957791447639465, 0.14947238564491272, 0.17936687171459198, 0.20926135778427124, 0.2391558289527893, 0.2690503001213074, 0.29894477128982544, 0.3288392722606659, 0.35873374342918396, 0.388628214597702, 0.4185227155685425, 0.44841718673706055, 0.4783116579055786, 0.5082061290740967, 0.5381006002426147, 0.5679950714111328, 0.5978895425796509, 0.6277840733528137, 0.6576785445213318, 0.6875730156898499, 0.7174674868583679, 0.747361958026886, 0.777256429195404, 0.8071509003639221, 0.837045431137085, 0.866939902305603, 0.8968343734741211, 0.9267288446426392, 0.9566233158111572, 0.9865177869796753, 1.0164122581481934, 1.0463067293167114, 1.0762012004852295, 1.1060956716537476, 1.1359901428222656, 1.1658846139907837, 1.1957790851593018, 1.2256736755371094, 1.2555681467056274, 1.2854626178741455, 1.3153570890426636, 1.3452515602111816, 1.3751460313796997, 1.4050405025482178, 1.4349349737167358, 1.464829444885254, 1.494723916053772, 1.52461838722229, 1.554512858390808, 1.5844073295593262, 1.6143018007278442, 1.6441962718963623, 1.67409086227417, 1.703985333442688, 1.733879804611206, 1.7637742757797241, 1.7936687469482422, 1.8235632181167603, 1.8534576892852783, 1.8833521604537964, 1.9132466316223145]}, "linear2.weight": {"_type": "histogram", "values": [4, 2, 2, 2, 6, 2, 4, 4, 2, 2, 3, 3, 2, 5, 0, 2, 1, 4, 5, 1, 0, 1, 1, 0, 2, 2, 1, 1, 2, 1, 2, 3, 1, 2, 5, 0, 4, 3, 2, 0, 2, 4, 3, 2, 3, 3, 0, 1, 4, 3, 1, 0, 1, 2, 2, 0, 1, 2, 0, 1, 0, 1, 0, 3],