{"linear1.weight": {"_type": "histogram", "values": [120, 121, 150, 127, 126, 122, 131, 111, 124, 122, 115, 133, 131, 126, 130, 126, 147, 123, 109, 115, 121, 114, 143, 118, 114, 139, 119, 123, 130, 120, 126, 127, 150, 127, 120, 130, 135, 136, 132, 138, 105, 145, 120, 124, 108, 138, 137, 127, 137, 138, 124, 134, 147, 144, 147, 133, 125, 124, 122, 130, 134, 124, 124, 130], "bins": [-0.08834648132324219, -0.0855850800871849, -0.08282367885112762, -0.08006227761507034, -0.07730087637901306, -0.07453946769237518, -0.0717780664563179, -0.06901666522026062, -0.06625526398420334, -0.06349386274814606, -0.060732461512088776, -0.057971060276031494, -0.055209655314683914, -0.05244825407862663, -0.04968685284256935, -0.04692545160651207, -0.04416404664516449, -0.04140264540910721, -0.03864124417304993, -0.035879842936992645, -0.033118441700935364, -0.030357038602232933, -0.027595635503530502, -0.02483423426747322, -0.02207283303141594, -0.01931142993271351, -0.016550028696656227, -0.013788625597953796, -0.011027224361896515, -0.008265822194516659, -0.005504420027136803, -0.0027430178597569466, 1.8384307622909546e-05, 0.0027797864750027657, 0.005541188642382622, 0.008302590809762478, 0.011063992977142334, 0.013825394213199615, 0.016586797311902046, 0.019348198547959328, 0.02210960164666176, 0.02487100288271904, 0.02763240411877632, 0.030393807217478752, 0.03315521031618118, 0.035916611552238464, 0.038678012788295746, 0.04143941402435303, 0.04420081526041031, 0.04696222022175789, 0.04972362145781517, 0.05248502269387245, 0.05524642392992973, 0.05800782889127731, 0.060769230127334595, 0.06353063136339188, 0.06629203259944916, 0.06905343383550644, 0.07181483507156372, 0.074576236307621, 0.07733764499425888, 0.08009904623031616, 0.08286044746637344, 0.08562184870243073, 0.088383249938488]}, "_timestamp": 1677593643.7953541, "linear1.bias": {"_type": "histogram", "values": [2, 1, 1, 2, 0, 0, 0, 2, 0, 1, 1, 0, 1, 2, 0, 1, 1, 0, 2, 0, 0, 0, 0, 1, 0, 1, 0, 2, 2, 0, 4, 1, 0, 1, 0, 2, 1, 1, 0, 0, 0, 1, 2, 1, 2, 0, 3, 0, 3, 0, 3, 0, 3, 0, 2, 2, 0, 2, 1, 1, 1, 2, 1, 1], "bins": [-0.08684772253036499, -0.08412773907184601, -0.08140774816274643, -0.07868776470422745, -0.07596777379512787, -0.07324779033660889, -0.07052779942750931, -0.06780781596899033, -0.06508782505989075, -0.062367841601371765, -0.059647854417562485, -0.056927867233753204, -0.054207880049943924, -0.051487892866134644, -0.04876790568232536, -0.04604791849851608, -0.0433279350399971, -0.04060794785618782, -0.03788796067237854, -0.03516797348856926, -0.03244798630475998, -0.0297279991209507, -0.02700801193714142, -0.024288024753332138, -0.021568037569522858, -0.018848052248358727, -0.016128065064549446, -0.013408077880740166, -0.010688090696930885, -0.00796810444444418, -0.005248117260634899, -0.002528130542486906, 0.00019185617566108704, 0.00291184289380908, 0.005631829611957073, 0.008351816795766354, 0.01107180304825306, 0.01379179023206234, 0.01651177741587162, 0.0192317645996809, 0.021951749920845032, 0.024671737104654312, 0.027391724288463593, 0.030111711472272873, 0.03283169865608215, 0.035551685839891434, 0.038271673023700714, 0.040991660207509995, 0.043711647391319275, 0.04643163084983826, 0.04915161803364754, 0.05187160521745682, 0.0545915924012661, 0.05731157958507538, 0.06003156676888466, 0.06275155395269394, 0.06547153741121292, 0.0681915283203125, 0.07091151177883148, 0.07363150268793106, 0.07635148614645004, 0.07907147705554962, 0.0817914605140686, 0.08451145142316818, 0.08723143488168716]}, "linear1.output": {"_type": "histogram", "values": [1, 0, 0, 0, 2, 0, 0, 1, 0, 4, 9, 5, 6, 10, 14, 17, 21, 35, 44, 57, 60, 82, 95, 91, 95, 128, 138, 136, 173, 175, 145, 180, 182, 183, 197, 206, 199, 156, 149, 157, 130, 116, 113, 96, 75, 72, 75, 63, 53, 29, 19, 23, 28, 15, 12, 8, 6, 4, 2, 1, 2, 0, 0, 1], "bins": [-2.2520956993103027, -2.18489408493042, -2.117692470550537, -2.0504908561706543, -1.9832892417907715, -1.9160876274108887, -1.8488860130310059, -1.781684398651123, -1.7144827842712402, -1.6472810506820679, -1.580079436302185, -1.5128778219223022, -1.4456762075424194, -1.3784745931625366, -1.3112729787826538, -1.244071364402771, -1.1768697500228882, -1.1096681356430054, -1.0424665212631226, -0.9752649068832397, -0.9080632925033569, -0.8408616185188293, -0.7736600041389465, -0.7064583897590637, -0.6392567753791809, -0.5720551609992981, -0.5048535466194153, -0.4376519024372101, -0.37045028805732727, -0.30324867367744446, -0.23604704439640045, -0.16884541511535645, -0.10164380073547363, -0.03444217890501022, 0.032759442925453186, 0.0999610647559166, 0.16716268658638, 0.23436430096626282, 0.301565945148468, 0.36876755952835083, 0.43596917390823364, 0.5031707882881165, 0.5703724026679993, 0.6375740170478821, 0.7047756910324097, 0.7719773054122925, 0.8391789197921753, 0.9063805341720581, 0.9735821485519409, 1.0407837629318237, 1.1079853773117065, 1.1751869916915894, 1.2423886060714722, 1.309590220451355, 1.3767918348312378, 1.4439934492111206, 1.511195182800293, 1.5783967971801758, 1.6455984115600586, 1.7128000259399414, 1.7800016403198242, 1.847203254699707, 1.9144048690795898, 1.9816064834594727, 2.0488080978393555]}, "act1.output": {"_type": "histogram", "values": [2089, 93, 93, 95, 104, 105, 83, 81, 61, 88, 60, 85, 70, 69, 64, 57, 59, 52, 57, 52, 49, 41, 38, 33, 33, 33, 42, 36, 33, 30, 26, 20, 19, 14, 18, 8, 6, 11, 13, 9, 16, 11, 4, 6, 6, 4, 4, 5, 1, 3, 1, 0, 2, 1, 0, 0, 0, 2, 0, 0, 0, 0, 0, 1], "bins": [0.0, 0.03201262652873993, 0.06402525305747986, 0.09603787958621979, 0.12805050611495972, 0.16006313264369965, 0.19207575917243958, 0.2240883857011795, 0.25610101222991943, 0.28811365365982056, 0.3201262652873993, 0.352138876914978, 0.38415151834487915, 0.4161641597747803, 0.448176771402359, 0.48018938302993774, 0.5122020244598389, 0.54421466588974, 0.5762273073196411, 0.6082398891448975, 0.6402525305747986, 0.6722651720046997, 0.704277753829956, 0.7362903952598572, 0.7683030366897583, 0.8003156781196594, 0.8323283195495605, 0.8643409013748169, 0.896353542804718, 0.9283661842346191, 0.9603787660598755, 0.9923914074897766, 1.0244040489196777, 1.056416630744934, 1.08842933177948, 1.1204419136047363, 1.1524546146392822, 1.1844671964645386, 1.216479778289795, 1.2484924793243408, 1.2805050611495972, 1.3125176429748535, 1.3445303440093994, 1.3765429258346558, 1.408555507659912, 1.440568208694458, 1.4725807905197144, 1.5045934915542603, 1.5366060733795166, 1.568618655204773, 1.6006313562393188, 1.6326439380645752, 1.664656639099121, 1.6966692209243774, 1.7286818027496338, 1.7606945037841797, 1.792707085609436, 1.8247196674346924, 1.8567323684692383, 1.8887449502944946, 1.920757532119751, 1.9527702331542969, 1.9847828149795532, 2.0167953968048096, 2.0488080978393555]}, "linear2.weight": {"_type": "histogram", "values": [3, 3, 2, 5, 3, 2, 3, 1, 3, 5, 2, 1, 4, 3, 3, 2, 2, 2, 2, 0, 1, 3, 2, 2, 3, 0, 0, 1, 3, 1, 4, 2, 4, 4, 1, 1, 1, 1, 0, 2, 2, 3, 1, 1, 2, 0, 2, 0, 2, 6, 1, 0, 0, 3, 3, 1, 1, 0, 1, 1, 2, 2, 2, 5],