{"linear1.weight": {"_type": "histogram", "values": [232, 259, 273, 256, 269, 279, 234, 268, 253, 241, 296, 251, 246, 272, 262, 229, 267, 248, 241, 251, 239, 244, 238, 252, 282, 274, 274, 271, 245, 243, 231, 272], "bins": [-0.08836784213781357, -0.08284476399421692, -0.07732168585062027, -0.07179860025644302, -0.06627552211284637, -0.060752443969249725, -0.055229365825653076, -0.04970628395676613, -0.04418320581316948, -0.03866012766957283, -0.03313704580068588, -0.027613967657089233, -0.022090887650847435, -0.016567807644605637, -0.011044728569686413, -0.005521649029105902, 1.430511474609375e-06, 0.0055245100520551205, 0.011047589592635632, 0.016570668667554855, 0.022093748673796654, 0.027616828680038452, 0.0331399068236351, 0.03866298869252205, 0.0441860668361187, 0.04970914497971535, 0.055232226848602295, 0.060755304992198944, 0.0662783831357956, 0.07180146127939224, 0.07732454687356949, 0.08284762501716614, 0.08837070316076279]}, "_timestamp": 1677593119.7534668, "linear1.bias": {"_type": "histogram", "values": [3, 2, 9, 1, 1, 2, 3, 4, 0, 3, 1, 2, 3, 1, 1, 0, 1, 2, 0, 3, 2, 0, 2, 5, 3, 0, 2, 0, 0, 2, 4, 2], "bins": [-0.08661726117134094, -0.0811731293797493, -0.07572899758815765, -0.07028485834598541, -0.06484072655439377, -0.059396594762802124, -0.05395245924592018, -0.04850832745432854, -0.043064191937446594, -0.03762006014585495, -0.032175928354263306, -0.026731792837381363, -0.02128766104578972, -0.015843527391552925, -0.010399393737316132, -0.004955260083079338, 0.0004888735711574554, 0.005933007225394249, 0.011377140879631042, 0.016821274533867836, 0.02226540818810463, 0.027709539979696274, 0.03315367549657822, 0.03859780728816986, 0.044041939079761505, 0.04948607459664345, 0.05493020638823509, 0.060374341905117035, 0.06581847369670868, 0.07126260548830032, 0.07670674473047256, 0.08215087652206421, 0.08759500831365585]}, "linear1.output": {"_type": "histogram", "values": [1, 0, 1, 3, 2, 4, 2, 4, 2, 8, 8, 12, 14, 18, 10, 27, 17, 17, 15, 22, 4, 11, 10, 16, 7, 6, 9, 1, 3, 1, 0, 1], "bins": [-1.57589590549469, -1.4836094379425049, -1.3913229703903198, -1.2990365028381348, -1.2067500352859497, -1.1144635677337646, -1.02217698097229, -0.9298905730247498, -0.8376040458679199, -0.7453175783157349, -0.6530311107635498, -0.5607446432113647, -0.4684581756591797, -0.37617167830467224, -0.2838852107524872, -0.19159872829914093, -0.09931224584579468, -0.007025767117738724, 0.08526071161031723, 0.17754718661308289, 0.26983368396759033, 0.3621201515197754, 0.45440661907196045, 0.5466930866241455, 0.6389795541763306, 0.7312660813331604, 0.8235525488853455, 0.9158390164375305, 1.0081255435943604, 1.1004120111465454, 1.1926984786987305, 1.2849849462509155, 1.3772714138031006]}, "act1.output": {"_type": "histogram", "values": [142, 9, 6, 7, 12, 8, 4, 3, 2, 5, 4, 6, 7, 7, 7, 4, 2, 4, 1, 5, 5, 0, 1, 1, 2, 1, 0, 0, 0, 0, 0, 1], "bins": [0.0, 0.04303973168134689, 0.08607946336269379, 0.12911918759346008, 0.17215892672538757, 0.21519866585731506, 0.25823837518692017, 0.30127811431884766, 0.34431785345077515, 0.38735759258270264, 0.4303973317146301, 0.47343704104423523, 0.5164767503738403, 0.5595164895057678, 0.6025562286376953, 0.6455959677696228, 0.6886357069015503, 0.7316754460334778, 0.7747151851654053, 0.8177549242973328, 0.8607946634292603, 0.903834342956543, 0.9468740820884705, 0.989913821220398, 1.0329535007476807, 1.075993299484253, 1.1190329790115356, 1.162072777748108, 1.2051124572753906, 1.248152256011963, 1.2911919355392456, 1.3342317342758179, 1.3772714138031006]}, "linear2.weight": {"_type": "histogram", "values": [7, 4, 5, 6, 3, 4, 3, 2, 2, 4, 4, 6, 5, 8, 7, 2, 2, 5, 3, 1, 1, 6, 2, 4, 4, 6, 3, 6, 4, 1, 4, 4], "bins": [-0.12496480345726013, -0.11716907471418381, -0.10937334597110748, -0.10157761722803116, -0.09378188848495483, -0.0859861671924591, -0.07819043844938278, -0.07039470970630646, -0.06259898096323013, -0.05480325222015381, -0.047007523477077484, -0.03921179845929146, -0.031416069716215134, -0.02362034097313881, -0.015824614092707634, -0.008028886280953884, -0.00023315846920013428, 0.007562569342553616, 0.015358297154307365, 0.02315402403473854, 0.030949752777814865, 0.03874548152089119, 0.046541206538677216, 0.05433693528175354, 0.062132664024829865, 0.06992839276790619, 0.07772412151098251, 0.08551985025405884, 0.09331557154655457, 0.10111130028963089, 0.10890702903270721, 0.11670275777578354, 0.12449848651885986]}, "linear2.bias": [0.029885053634643555, 0.11402013897895813], "linear2.output": [-0.10779270529747009, -0.011143475770950317, -0.2727305293083191, 0.15939369797706604, -0.12588615715503693, -0.3844358026981354, 0.16096231341362, -0.3510805070400238], "act2.output": [0.4730778932571411, 0.4972141981124878, 0.4322368800640106, 0.5397642850875854, 0.4685699939727783, 0.40505748987197876, 0.5401539206504822, 0.4131203889846802], ".output": [0.4730778932571411, 0.4972141981124878, 0.4322368800640106, 0.5397642850875854, 0.4685699939727783, 0.40505748987197876, 0.5401539206504822, 0.4131203889846802], "_runtime": 1.2909369468688965, "_step": 0, "_wandb": {"runtime": 0}}