{"linear1.weight": {"_type": "histogram", "values": [237, 257, 260, 272, 259, 259, 242, 244, 262, 245, 276, 256, 263, 259, 263, 280, 242, 249, 255, 269, 247, 225, 267, 296, 251, 246, 252, 239, 248, 265, 259, 248], "bins": [-0.08834284543991089, -0.08281999826431274, -0.0772971510887146, -0.07177430391311646, -0.06625146418809891, -0.06072861701250076, -0.05520576983690262, -0.049682922661304474, -0.04416007548570633, -0.03863723203539848, -0.03311438485980034, -0.027591539546847343, -0.022068694233894348, -0.016545847058296204, -0.011023001745343208, -0.005500155501067638, 2.269074320793152e-05, 0.0055455369874835014, 0.011068383231759071, 0.016591228544712067, 0.02211407572031021, 0.027636921033263206, 0.0331597663462162, 0.038682613521814346, 0.04420545697212219, 0.04972830414772034, 0.05525115132331848, 0.060773998498916626, 0.06629684567451477, 0.07181968539953232, 0.07734253257513046, 0.08286537975072861, 0.08838822692632675]}, "_timestamp": 1677592825.6291661, "linear1.bias": {"_type": "histogram", "values": [5, 2, 0, 0, 1, 2, 2, 2, 2, 1, 3, 2, 1, 2, 1, 0, 6, 2, 3, 2, 1, 1, 2, 2, 3, 2, 2, 1, 1, 4, 3, 3], "bins": [-0.08330699801445007, -0.07794778794050217, -0.07258857041597366, -0.06722936034202576, -0.06187015026807785, -0.056510936468839645, -0.05115172639489174, -0.045792512595653534, -0.04043330252170563, -0.03507408872246742, -0.029714876785874367, -0.02435566484928131, -0.018996451050043106, -0.013637240044772625, -0.008278027176856995, -0.0029188154730945826, 0.002440396696329117, 0.0077996086329221725, 0.013158820569515228, 0.018518032506108284, 0.02387724444270134, 0.029236458241939545, 0.03459566831588745, 0.039954882115125656, 0.04531409591436386, 0.05067330598831177, 0.05603251978754997, 0.06139172986149788, 0.06675094366073608, 0.07211015373468399, 0.0774693638086319, 0.0828285813331604, 0.0881877914071083]}, "output_linear1": {"_type": "histogram", "values": [2, 1, 2, 2, 3, 1, 4, 7, 5, 6, 8, 9, 11, 13, 14, 18, 23, 21, 17, 19, 12, 12, 6, 12, 9, 6, 8, 0, 1, 1, 2, 1], "bins": [-1.7594460248947144, -1.6569857597351074, -1.55452561378479, -1.452065348625183, -1.3496052026748657, -1.2471449375152588, -1.1446846723556519, -1.0422245264053345, -0.9397642612457275, -0.8373040556907654, -0.7348438501358032, -0.6323836445808411, -0.5299234390258789, -0.42746320366859436, -0.3250029981136322, -0.22254277765750885, -0.1200825572013855, -0.017622340470552444, 0.08483787626028061, 0.18729808926582336, 0.2897583246231079, 0.39221853017807007, 0.4946787357330322, 0.5971389412879944, 0.6995991468429565, 0.8020594120025635, 0.9045196175575256, 1.0069798231124878, 1.1094400882720947, 1.211900234222412, 1.314360499382019, 1.4168206453323364, 1.5192809104919434]}, "output_act1": {"_type": "histogram", "values": [142, 12, 4, 11, 7, 10, 4, 7, 5, 6, 3, 2, 5, 5, 5, 6, 3, 2, 4, 7, 1, 0, 0, 1, 0, 0, 1, 0, 1, 1, 0, 1], "bins": [0.0, 0.04747752845287323, 0.09495505690574646, 0.1424325853586197, 0.18991011381149292, 0.23738764226436615, 0.2848651707172394, 0.3323426842689514, 0.37982022762298584, 0.42729777097702026, 0.4747752845287323, 0.5222527980804443, 0.5697303414344788, 0.6172078847885132, 0.6646853685379028, 0.7121629118919373, 0.7596404552459717, 0.8071179986000061, 0.8545955419540405, 0.9020730257034302, 0.9495505690574646, 0.997028112411499, 1.0445055961608887, 1.0919831991195679, 1.1394606828689575, 1.1869381666183472, 1.2344157695770264, 1.281893253326416, 1.3293707370758057, 1.3768483400344849, 1.4243258237838745, 1.4718034267425537, 1.5192809104919434]}, "linear2.weight": {"_type": "histogram", "values": [3, 0, 6, 6, 4, 2, 5, 4, 5, 2, 1, 7, 8, 2, 5, 6, 3, 6, 3, 5, 1, 6, 3, 6, 3, 1, 4, 0, 7, 4, 2, 8], "bins": [-0.12061814963817596, -0.11294730752706528, -0.10527646541595459, -0.0976056307554245, -0.08993478864431381, -0.08226394653320312, -0.07459311187267303, -0.06692226976156235, -0.05925142765045166, -0.05158058553934097, -0.043909747153520584, -0.036238908767700195, -0.028568066656589508, -0.02089722640812397, -0.013226386159658432, -0.005555545911192894, 0.002115294337272644, 0.009786134585738182, 0.01745697483420372, 0.025127815082669258, 0.032798655331134796, 0.04046949744224548, 0.04814033582806587, 0.05581117421388626, 0.06348201632499695, 0.07115285843610764, 0.07882370054721832, 0.08649453520774841, 0.0941653773188591, 0.10183621942996979, 0.10950705409049988, 0.11717789620161057, 0.12484873831272125]}, "linear2.bias": [0.02443869411945343, -0.028919324278831482], "output_linear2": [0.07465184479951859, -0.14875589311122894, 0.15979379415512085, -0.04713799059391022, 0.24094125628471375, 0.345308780670166, -0.20361238718032837, -0.2748515009880066], "output_act2": [0.5186542868614197, 0.4628794491291046, 0.539863646030426, 0.48821768164634705, 0.5599456429481506, 0.5854795575141907, 0.4492720365524292, 0.4317164421081543], "output_": [0.5186542868614197, 0.4628794491291046, 0.539863646030426, 0.48821768164634705, 0.5599456429481506, 0.5854795575141907, 0.4492720365524292, 0.4317164421081543], "_runtime": 1.178077220916748, "_step": 0, "_wandb": {"runtime": 0}}