{"linear1.weight": {"_type": "histogram", "values": [130, 124, 125, 134, 120, 123, 127, 126, 137, 129, 121, 117, 129, 139, 147, 113, 129, 108, 134, 120, 108, 110, 143, 115, 110, 147, 109, 132, 136, 131, 119, 131, 136, 134, 143, 115, 120, 141, 118, 146, 122, 125, 145, 141, 145, 123, 126, 126, 132, 108, 143, 122, 124, 134, 130, 129, 119, 132, 124, 135, 135, 128, 117, 151], "bins": [-0.0883503183722496, -0.08558938652276993, -0.08282845467329025, -0.08006752282381058, -0.0773065835237503, -0.07454565167427063, -0.07178471982479095, -0.06902378797531128, -0.0662628561258316, -0.06350192427635193, -0.06074099242687225, -0.05798005685210228, -0.055219125002622604, -0.05245819315314293, -0.049697257578372955, -0.04693632572889328, -0.044175393879413605, -0.04141446202993393, -0.038653530180454254, -0.03589259460568428, -0.033131662756204605, -0.03037073090672493, -0.027609797194600105, -0.02484886348247528, -0.022087931632995605, -0.01932699978351593, -0.016566066071391106, -0.013805133290588856, -0.011044200509786606, -0.008283267728984356, -0.005522334948182106, -0.002761402167379856, -4.6938657760620117e-07, 0.0027604633942246437, 0.005521396175026894, 0.008282328955829144, 0.011043261736631393, 0.013804194517433643, 0.016565127298235893, 0.019326061010360718, 0.022086992859840393, 0.02484792470932007, 0.027608858421444893, 0.030369792133569717, 0.03313072398304939, 0.03589165583252907, 0.03865259140729904, 0.04141352325677872, 0.04417445510625839, 0.04693538695573807, 0.04969631880521774, 0.05245725437998772, 0.05521818622946739, 0.05797911807894707, 0.06074005365371704, 0.06350098550319672, 0.06626191735267639, 0.06902284920215607, 0.07178378105163574, 0.07454471290111542, 0.07730564475059509, 0.08006658405065536, 0.08282751590013504, 0.08558844774961472, 0.08834937959909439]}, "_timestamp": 1677594173.1217191, "linear1.bias": {"_type": "histogram", "values": [1, 0, 0, 1, 0, 0, 1, 2, 1, 1, 1, 1, 0, 0, 1, 1, 2, 1, 0, 0, 1, 3, 0, 0, 1, 0, 1, 1, 1, 0, 3, 0, 1, 0, 0, 1, 2, 3, 0, 1, 1, 1, 2, 1, 0, 0, 1, 0, 1, 0, 1, 1, 1, 2, 3, 3, 0, 2, 0, 2, 1, 2, 2, 4], "bins": [-0.08181415498256683, -0.07917355746030807, -0.07653295993804932, -0.07389236986637115, -0.0712517723441124, -0.06861117482185364, -0.06597057729959488, -0.06332998722791672, -0.06068938970565796, -0.0580487921833992, -0.05540819838643074, -0.05276760086417198, -0.05012700706720352, -0.04748640954494476, -0.0448458157479763, -0.042205218225717545, -0.039564624428749084, -0.036924026906490326, -0.03428342938423157, -0.03164283558726311, -0.029002239927649498, -0.02636164426803589, -0.02372104860842228, -0.02108045294880867, -0.01843985542654991, -0.015799259766936302, -0.013158665038645267, -0.010518069379031658, -0.007877472788095474, -0.005236877594143152, -0.0025962817016988993, 4.431407433003187e-05, 0.002684909850358963, 0.005325505509972572, 0.007966101169586182, 0.010606696829199791, 0.0132472924888134, 0.01588788814842701, 0.01852848380804062, 0.021169079467654228, 0.023809675127267838, 0.026450272649526596, 0.029090868309140205, 0.031731463968753815, 0.034372057765722275, 0.03701265528798103, 0.03965324908494949, 0.04229384660720825, 0.04493444412946701, 0.04757503792643547, 0.05021563544869423, 0.05285622924566269, 0.05549682676792145, 0.05813742056488991, 0.060778018087148666, 0.06341861188411713, 0.06605920940637589, 0.06869980692863464, 0.0713403970003128, 0.07398099452257156, 0.07662159204483032, 0.07926218956708908, 0.08190277963876724, 0.084543377161026, 0.08718397468328476]}, "linear1.output": {"_type": "histogram", "values": [2, 1, 0, 1, 4, 1, 3, 3, 3, 5, 6, 8, 18, 8, 20, 41, 35, 37, 37, 62, 68, 86, 113, 100, 113, 125, 148, 143, 160, 169, 167, 178, 163, 189, 175, 164, 158, 163, 142, 131, 134, 124, 98, 109, 89, 62, 64, 53, 43, 42, 18, 15, 26, 22, 14, 10, 8, 6, 2, 2, 1, 1, 0, 3], "bins": [-2.048478364944458, -1.9860318899154663, -1.9235855340957642, -1.8611390590667725, -1.7986927032470703, -1.7362462282180786, -1.6737998723983765, -1.6113533973693848, -1.5489070415496826, -1.486460566520691, -1.4240140914916992, -1.361567735671997, -1.2991212606430054, -1.2366749048233032, -1.1742284297943115, -1.1117820739746094, -1.0493355989456177, -0.9868891835212708, -0.9244427680969238, -0.8619963526725769, -0.79954993724823, -0.7371034622192383, -0.6746570467948914, -0.6122106313705444, -0.5497642159461975, -0.4873178005218506, -0.42487138509750366, -0.36242493987083435, -0.2999785244464874, -0.2375321090221405, -0.17508567869663239, -0.11263925582170486, -0.050192832946777344, 0.012253589928150177, 0.0747000128030777, 0.13714644312858582, 0.19959285855293274, 0.26203927397727966, 0.324485719203949, 0.3869321346282959, 0.4493785500526428, 0.5118249654769897, 0.5742713809013367, 0.6367177963256836, 0.6991642713546753, 0.7616106867790222, 0.8240571022033691, 0.8865035176277161, 0.948949933052063, 1.0113964080810547, 1.0738427639007568, 1.1362892389297485, 1.1987355947494507, 1.2611820697784424, 1.3236284255981445, 1.3860749006271362, 1.448521375656128, 1.51096773147583, 1.5734142065048218, 1.635860562324524, 1.6983070373535156, 1.7607533931732178, 1.8231998682022095, 1.8856462240219116, 1.9480926990509033]}, "act1.output": {"_type": "histogram", "values": [2085, 90, 89, 91, 75, 86, 76, 69, 80, 78, 82, 72, 66, 67, 57, 66, 71, 58, 53, 49, 49, 54, 53, 50, 38, 32, 29, 27, 32, 29, 24, 20, 23, 22, 21, 9, 12, 7, 8, 10, 13, 12, 12, 9, 6, 5, 4, 6, 3, 2, 4, 2, 1, 1, 1, 1, 0, 1, 0, 1, 0, 0, 2, 1], "bins": [0.0, 0.030438948422670364, 0.06087789684534073, 0.09131684899330139, 0.12175579369068146, 0.15219473838806152, 0.18263369798660278, 0.21307264268398285, 0.24351158738136292, 0.2739505469799042, 0.30438947677612305, 0.3348284363746643, 0.36526739597320557, 0.39570632576942444, 0.4261452853679657, 0.45658421516418457, 0.48702317476272583, 0.5174621343612671, 0.5479010939598083, 0.5783399939537048, 0.6087789535522461, 0.6392179131507874, 0.6696568727493286, 0.7000958323478699, 0.7305347919464111, 0.7609736919403076, 0.7914126515388489, 0.8218516111373901, 0.8522905707359314, 0.8827295303344727, 0.9131684303283691, 0.9436073899269104, 0.9740463495254517, 1.0044852495193481, 1.0349242687225342, 1.0653631687164307, 1.0958021879196167, 1.1262410879135132, 1.1566799879074097, 1.1871190071105957, 1.2175579071044922, 1.2479969263076782, 1.2784358263015747, 1.3088747262954712, 1.3393137454986572, 1.3697526454925537, 1.4001916646957397, 1.4306305646896362, 1.4610695838928223, 1.4915084838867188, 1.5219473838806152, 1.5523864030838013, 1.5828253030776978, 1.6132643222808838, 1.6437032222747803, 1.6741421222686768, 1.7045811414718628, 1.7350200414657593, 1.7654590606689453, 1.7958979606628418, 1.8263368606567383, 1.8567758798599243, 1.8872147798538208, 1.9176537990570068, 1.9480926990509033]}, "linear2.weight": {"_type": "histogram", "values": [6, 2, 3, 0, 4, 4, 2, 0, 1, 0, 2, 0, 4, 0, 2, 4, 3, 2, 1, 3, 3, 1, 1, 1, 2, 1, 2, 4, 2, 3, 0, 1, 2, 2, 2, 0, 2, 0, 1, 2, 3, 4, 1, 0, 1, 3, 4, 4, 2, 0, 3, 2, 4, 1, 3, 1, 5, 1, 1, 2, 1, 2, 2, 3],